Month,Prediction,Stat,Value
1,caraib_gswp3,min,0.0016508747122930781
2,caraib_gswp3,min,4.081588888379901e-4
3,caraib_gswp3,min,1.1415102644574644e-4
4,caraib_gswp3,min,5.752037058441101e-5
5,caraib_gswp3,min,1.7149345203831506e-4
6,caraib_gswp3,min,0.02070822436368352
7,caraib_gswp3,min,0.3316429832366352
8,caraib_gswp3,min,0.3143824087783687
9,caraib_gswp3,min,0.24743102110292267
10,caraib_gswp3,min,0.13190092907741782
11,caraib_gswp3,min,0.02247876474915153
12,caraib_gswp3,min,0.005106990475577948
1,caraib_princeton,min,0.0011068111343541117
2,caraib_princeton,min,2.6411325730477076e-4
3,caraib_princeton,min,7.718316934935703e-5
4,caraib_princeton,min,4.219050012699734e-5
5,caraib_princeton,min,5.124784647205826e-4
6,caraib_princeton,min,0.0012122430097416257
7,caraib_princeton,min,0.16379737151245433
8,caraib_princeton,min,0.29360747428668044
9,caraib_princeton,min,0.22532150146531119
10,caraib_princeton,min,0.09604522646037227
11,caraib_princeton,min,0.025192409333151367
12,caraib_princeton,min,0.0038137829039934985
1,caraib_wfdei,min,0.0021362167704804254
2,caraib_wfdei,min,4.2301717282319253e-4
3,caraib_wfdei,min,1.060990565094246e-4
4,caraib_wfdei,min,9.097382432805007e-5
5,caraib_wfdei,min,9.177457679134068e-4
6,caraib_wfdei,min,0.027163137752552937
7,caraib_wfdei,min,0.3796433331162358
8,caraib_wfdei,min,0.4404556962039776
9,caraib_wfdei,min,0.2560612978502524
10,caraib_wfdei,min,0.06606168171450308
11,caraib_wfdei,min,0.0337959994088283
12,caraib_wfdei,min,0.00935095314540038
1,dbh_gswp3,min,0.11113445340113555
2,dbh_gswp3,min,0.07096537335340927
3,dbh_gswp3,min,0.056613101051516644
4,dbh_gswp3,min,0.06272817471827571
5,dbh_gswp3,min,0.1173587474601264
6,dbh_gswp3,min,0.09555224627923549
7,dbh_gswp3,min,0.10785248543260527
8,dbh_gswp3,min,0.09489907269555763
9,dbh_gswp3,min,0.08482460258334427
10,dbh_gswp3,min,0.06842200042599382
11,dbh_gswp3,min,0.06312482188455584
12,dbh_gswp3,min,0.06038953237637572
1,dbh_princeton,min,0.12227379089219834
2,dbh_princeton,min,0.053736695023123796
3,dbh_princeton,min,0.04552036041781148
4,dbh_princeton,min,0.05099620654041901
5,dbh_princeton,min,0.04811376823412507
6,dbh_princeton,min,0.05586971058531103
7,dbh_princeton,min,0.0917060637931378
8,dbh_princeton,min,0.07697520447235615
9,dbh_princeton,min,0.07499725671080969
10,dbh_princeton,min,0.06056902802001997
11,dbh_princeton,min,0.0520276264843729
12,dbh_princeton,min,0.05027090766701493
1,dbh_wfdei,min,0.13149003189931052
2,dbh_wfdei,min,0.06752166591632501
3,dbh_wfdei,min,0.06069935876445471
4,dbh_wfdei,min,0.06039308046685273
5,dbh_wfdei,min,0.06925791377149212
6,dbh_wfdei,min,0.08698228182911322
7,dbh_wfdei,min,0.11382505898109264
8,dbh_wfdei,min,0.10867657530378136
9,dbh_wfdei,min,0.08054203641398462
10,dbh_wfdei,min,0.06692833294869811
11,dbh_wfdei,min,0.06585571427617733
12,dbh_wfdei,min,0.06127052271772746
1,dlem_gswp3,min,0.012719347514275975
2,dlem_gswp3,min,0.009246760743274038
3,dlem_gswp3,min,0.0050688062481798095
4,dlem_gswp3,min,0.003708231798091432
5,dlem_gswp3,min,0.0038338765212591725
6,dlem_gswp3,min,0.0033569724786491014
7,dlem_gswp3,min,0.004363132586448529
8,dlem_gswp3,min,0.007228857657098171
9,dlem_gswp3,min,0.009719659099174048
10,dlem_gswp3,min,0.034229500596134055
11,dlem_gswp3,min,0.025601917672297952
12,dlem_gswp3,min,0.017306230573761957
1,dlem_princeton,min,0.004879479000430355
2,dlem_princeton,min,0.003911174908557688
3,dlem_princeton,min,0.003063658861722902
4,dlem_princeton,min,0.0027167028139424756
5,dlem_princeton,min,0.002254715196571268
6,dlem_princeton,min,0.002876769943507318
7,dlem_princeton,min,0.0031282022044151754
8,dlem_princeton,min,0.0035584913740679017
9,dlem_princeton,min,0.004833151066843197
10,dlem_princeton,min,0.016363896787785694
11,dlem_princeton,min,0.008256818605904612
12,dlem_princeton,min,0.006355370976810624
1,dlem_wfdei,min,0.013967186564847784
2,dlem_wfdei,min,0.010690226277928703
3,dlem_wfdei,min,0.006019745594810803
4,dlem_wfdei,min,0.004077276445139956
5,dlem_wfdei,min,0.003993083324047993
6,dlem_wfdei,min,0.0035481641771920513
7,dlem_wfdei,min,0.003795150515643809
8,dlem_wfdei,min,0.00941472705820616
9,dlem_wfdei,min,0.012974365862198448
10,dlem_wfdei,min,0.08096321100040126
11,dlem_wfdei,min,0.028732127469635358
12,dlem_wfdei,min,0.01942755499439588
1,h08_gswp3,min,0.005245872733868238
2,h08_gswp3,min,0.0012615048656333067
3,h08_gswp3,min,1.2240931594347963e-4
4,h08_gswp3,min,3.2960317645675566e-4
5,h08_gswp3,min,7.385080749015952e-4
6,h08_gswp3,min,0.03861850161845145
7,h08_gswp3,min,0.2974412358356577
8,h08_gswp3,min,0.2731491531508225
9,h08_gswp3,min,0.11204813124663074
10,h08_gswp3,min,0.06694914456950196
11,h08_gswp3,min,0.03857930753479955
12,h08_gswp3,min,0.01645943842647981
1,h08_princeton,min,0.0010494167910786952
2,h08_princeton,min,2.618219391591228e-4
3,h08_princeton,min,3.861681675043158e-5
4,h08_princeton,min,2.743330566395255e-4
5,h08_princeton,min,0.004093247438075528
6,h08_princeton,min,0.006742089909859754
7,h08_princeton,min,0.20274474495590272
8,h08_princeton,min,0.09120030629356239
9,h08_princeton,min,0.08141862439787598
10,h08_princeton,min,0.047548736135886435
11,h08_princeton,min,0.017690707055979697
12,h08_princeton,min,0.0032462951157339968
1,lpjml_gswp3,min,0.003320837771387101
2,lpjml_gswp3,min,0.0025862405556297337
3,lpjml_gswp3,min,0.0023018171458339415
4,lpjml_gswp3,min,0.0042091480146858335
5,lpjml_gswp3,min,0.018553478712662743
6,lpjml_gswp3,min,0.18809590050642794
7,lpjml_gswp3,min,0.2097583083349186
8,lpjml_gswp3,min,0.1942265186877436
9,lpjml_gswp3,min,0.24584973623036155
10,lpjml_gswp3,min,0.1361328000042603
11,lpjml_gswp3,min,0.008233463837532113
12,lpjml_gswp3,min,0.0043867035420177445
1,lpjml_princeton,min,9.780054104362066e-4
2,lpjml_princeton,min,9.625881515249498e-4
3,lpjml_princeton,min,0.0010980877352993529
4,lpjml_princeton,min,0.0038788293732526743
5,lpjml_princeton,min,0.015864589528025035
6,lpjml_princeton,min,0.03964718843214867
7,lpjml_princeton,min,0.19051547809387664
8,lpjml_princeton,min,0.20008050111169068
9,lpjml_princeton,min,0.1326188068339601
10,lpjml_princeton,min,0.055710696385661104
11,lpjml_princeton,min,0.0021638094630212746
12,lpjml_princeton,min,0.001165782825274658
1,lpjml_wfdei,min,0.004240371669462437
2,lpjml_wfdei,min,0.0031332275740697463
3,lpjml_wfdei,min,0.0028399928982259844
4,lpjml_wfdei,min,0.005004909174183173
5,lpjml_wfdei,min,0.01707812032559073
6,lpjml_wfdei,min,0.1939588972813653
7,lpjml_wfdei,min,0.2281895115691188
8,lpjml_wfdei,min,0.22930236464428658
9,lpjml_wfdei,min,0.303516531058221
10,lpjml_wfdei,min,0.15925961011473852
11,lpjml_wfdei,min,0.03679457871809981
12,lpjml_wfdei,min,0.007653596711809752
1,matsiro_gswp3,min,0.07498474667835972
2,matsiro_gswp3,min,0.06087430530538989
3,matsiro_gswp3,min,0.050551468859785766
4,matsiro_gswp3,min,0.04356110433231564
5,matsiro_gswp3,min,0.044097581377431666
6,matsiro_gswp3,min,0.04135595823950047
7,matsiro_gswp3,min,0.0438859065971126
8,matsiro_gswp3,min,0.06381378034530469
9,matsiro_gswp3,min,0.09304656067622206
10,matsiro_gswp3,min,0.13003391024206995
11,matsiro_gswp3,min,0.0984169755785548
12,matsiro_gswp3,min,0.08119691329072753
1,matsiro_princeton,min,0.057382606931085545
2,matsiro_princeton,min,0.04796157244763702
3,matsiro_princeton,min,0.04187817479098585
4,matsiro_princeton,min,0.038888075260727364
5,matsiro_princeton,min,0.033427446096317766
6,matsiro_princeton,min,0.03214219093800888
7,matsiro_princeton,min,0.034560080955097786
8,matsiro_princeton,min,0.03494401893466189
9,matsiro_princeton,min,0.04615392778808538
10,matsiro_princeton,min,0.08127887051211527
11,matsiro_princeton,min,0.08351484358895671
12,matsiro_princeton,min,0.07126329241273825
1,matsiro_wfdei,min,0.0030662894668393053
2,matsiro_wfdei,min,0.00370654488284433
3,matsiro_wfdei,min,0.004025602464223097
4,matsiro_wfdei,min,0.0043610925654467905
5,matsiro_wfdei,min,0.00491528942689728
6,matsiro_wfdei,min,0.006220800342869381
7,matsiro_wfdei,min,0.006125038586302244
8,matsiro_wfdei,min,0.006840566453527469
9,matsiro_wfdei,min,0.01010495709273931
10,matsiro_wfdei,min,0.016533450440831887
11,matsiro_wfdei,min,0.02377313907648553
12,matsiro_wfdei,min,0.026932538076055897
1,pcr-globwb_gswp3,min,0.020059177990124764
2,pcr-globwb_gswp3,min,0.016355059317229033
3,pcr-globwb_gswp3,min,0.015780106191999297
4,pcr-globwb_gswp3,min,0.008949950789775497
5,pcr-globwb_gswp3,min,0.0019981039420766283
6,pcr-globwb_gswp3,min,0.002957487036521174
7,pcr-globwb_gswp3,min,0.005324296604815112
8,pcr-globwb_gswp3,min,0.018380446411087575
9,pcr-globwb_gswp3,min,0.03126359568875166
10,pcr-globwb_gswp3,min,0.07169569825158063
11,pcr-globwb_gswp3,min,0.06259759241055753
12,pcr-globwb_gswp3,min,0.029784592254520476
1,pcr-globwb_wfdei,min,0.019790868715393276
2,pcr-globwb_wfdei,min,0.01611844570598698
3,pcr-globwb_wfdei,min,0.015600009154880539
4,pcr-globwb_wfdei,min,0.010525118219782251
5,pcr-globwb_wfdei,min,0.0019998783148714927
6,pcr-globwb_wfdei,min,0.0029549478196288373
7,pcr-globwb_wfdei,min,0.005474823164099427
8,pcr-globwb_wfdei,min,0.014908548163551543
9,pcr-globwb_wfdei,min,0.029606026870934814
10,pcr-globwb_wfdei,min,0.06906134851088534
11,pcr-globwb_wfdei,min,0.05269237197908953
12,pcr-globwb_wfdei,min,0.02469541986218459
1,vegas_gswp3,min,3.5308959713014774e-4
2,vegas_gswp3,min,1.7440233346294453e-4
3,vegas_gswp3,min,6.863152604838512e-5
4,vegas_gswp3,min,2.5318429435906134e-5
5,vegas_gswp3,min,4.0433813134924194e-4
6,vegas_gswp3,min,0.042739610512699616
7,vegas_gswp3,min,0.17977891613795796
8,vegas_gswp3,min,0.21046572301547262
9,vegas_gswp3,min,0.18704146191642293
10,vegas_gswp3,min,0.06203286509210682
11,vegas_gswp3,min,0.006611419500642264
12,vegas_gswp3,min,0.0011631930932472744
1,vegas_wfdei,min,5.188541170408475e-4
2,vegas_wfdei,min,2.74376967540808e-4
3,vegas_wfdei,min,1.6318217622027874e-4
4,vegas_wfdei,min,8.99429192420334e-5
5,vegas_wfdei,min,5.810435422007812e-4
6,vegas_wfdei,min,0.018683728545338937
7,vegas_wfdei,min,0.2072058325667986
8,vegas_wfdei,min,0.2433359829152049
9,vegas_wfdei,min,0.2110613851174751
10,vegas_wfdei,min,0.06366141100344395
11,vegas_wfdei,min,0.006980087293857514
12,vegas_wfdei,min,0.0010400304427027102
1,vic_princeton,min,0.038778118521801304
2,vic_princeton,min,0.02753707609159985
3,vic_princeton,min,0.02305155338196323
4,vic_princeton,min,0.02136226531659913
5,vic_princeton,min,0.05866971474815902
6,vic_princeton,min,0.10641422476848972
7,vic_princeton,min,0.2588692052929222
8,vic_princeton,min,0.33809151451741243
9,vic_princeton,min,0.2997041314247301
10,vic_princeton,min,0.2589949450074339
11,vic_princeton,min,0.16112870434717488
12,vic_princeton,min,0.07309267109179975
1,watergap2_princeton,min,0.012163293080715521
2,watergap2_princeton,min,0.006674455417810801
3,watergap2_princeton,min,0.002491574475082317
4,watergap2_princeton,min,0.005032768170043614
5,watergap2_princeton,min,0.010679551216199954
6,watergap2_princeton,min,0.01603545209628043
7,watergap2_princeton,min,0.14903121471846342
8,watergap2_princeton,min,0.1581816195179357
9,watergap2_princeton,min,0.14206457837361464
10,watergap2_princeton,min,0.07181214060640817
11,watergap2_princeton,min,0.022590042195315695
12,watergap2_princeton,min,0.016174087049519933
1,watergap2_wfdei,min,0.018362130769736713
2,watergap2_wfdei,min,0.011234869958178857
3,watergap2_wfdei,min,0.006282820518930892
4,watergap2_wfdei,min,0.006417876591395668
5,watergap2_wfdei,min,0.008900611630583172
6,watergap2_wfdei,min,0.08021582696707086
7,watergap2_wfdei,min,0.18484744286361407
8,watergap2_wfdei,min,0.181031919652687
9,watergap2_wfdei,min,0.1826743553667337
10,watergap2_wfdei,min,0.09485489189390148
11,watergap2_wfdei,min,0.034062748205067134
12,watergap2_wfdei,min,0.025023916962707237
1,LORA,min,0.033001075155827335
2,LORA,min,0.02294012657009951
3,LORA,min,0.014198027322824804
4,LORA,min,0.010011190154396419
5,LORA,min,0.017009362315231574
6,LORA,min,0.055649535062372
7,LORA,min,0.17159004734392594
8,LORA,min,0.2546517678094677
9,LORA,min,0.25549641249726246
10,LORA,min,0.17297981918515623
11,LORA,min,0.1117095585125157
12,LORA,min,0.05540645155793368
1,caraib_gswp3,mean,0.01409759561981897
2,caraib_gswp3,mean,0.0032984852128746054
3,caraib_gswp3,mean,7.34928390334274e-4
4,caraib_gswp3,mean,0.0016558693926038278
5,caraib_gswp3,mean,0.026679240887606495
6,caraib_gswp3,mean,0.24133866251972327
7,caraib_gswp3,mean,0.6430904304396663
8,caraib_gswp3,mean,0.8404780477514141
9,caraib_gswp3,mean,0.5724055475268545
10,caraib_gswp3,mean,0.4025380598509348
11,caraib_gswp3,mean,0.1864037033475313
12,caraib_gswp3,mean,0.05626531093879125
1,caraib_princeton,mean,0.00849893509231921
2,caraib_princeton,mean,0.0015935200309746273
3,caraib_princeton,mean,4.964368345121684e-4
4,caraib_princeton,mean,0.001118413554004913
5,caraib_princeton,mean,0.025901383357556446
6,caraib_princeton,mean,0.15091364649307307
7,caraib_princeton,mean,0.4835981821996996
8,caraib_princeton,mean,0.8515005713077162
9,caraib_princeton,mean,0.5962300154708773
10,caraib_princeton,mean,0.35182626106311765
11,caraib_princeton,mean,0.18492599205762375
12,caraib_princeton,mean,0.047678114829575825
1,caraib_wfdei,mean,0.017676036895800183
2,caraib_wfdei,mean,0.004506450834048344
3,caraib_wfdei,mean,0.0013327187576849945
4,caraib_wfdei,mean,0.0015188492153135494
5,caraib_wfdei,mean,0.05432069531844378
6,caraib_wfdei,mean,0.3647345430850691
7,caraib_wfdei,mean,0.8101386148561759
8,caraib_wfdei,mean,0.9395005115209981
9,caraib_wfdei,mean,0.6276048681662764
10,caraib_wfdei,mean,0.4305742354005414
11,caraib_wfdei,mean,0.21739908763539145
12,caraib_wfdei,mean,0.062443856912649955
1,dbh_gswp3,mean,0.16556953107451447
2,dbh_gswp3,mean,0.10491832492909847
3,dbh_gswp3,mean,0.09928892995019654
4,dbh_gswp3,mean,0.18516515130586278
5,dbh_gswp3,mean,0.41182203715461224
6,dbh_gswp3,mean,0.5148174500795013
7,dbh_gswp3,mean,0.5056404893688746
8,dbh_gswp3,mean,0.375820093463634
9,dbh_gswp3,mean,0.1748356120089801
10,dbh_gswp3,mean,0.14918729309598194
11,dbh_gswp3,mean,0.1299133582341441
12,dbh_gswp3,mean,0.08920539399513328
1,dbh_princeton,mean,0.14754923366590944
2,dbh_princeton,mean,0.08458989312272638
3,dbh_princeton,mean,0.09645003934462872
4,dbh_princeton,mean,0.1324715908212815
5,dbh_princeton,mean,0.35287514290552924
6,dbh_princeton,mean,0.3215512400294493
7,dbh_princeton,mean,0.37749343503727817
8,dbh_princeton,mean,0.377136963444523
9,dbh_princeton,mean,0.25872496008539403
10,dbh_princeton,mean,0.14887089369996498
11,dbh_princeton,mean,0.16259811051111986
12,dbh_princeton,mean,0.08197404953016016
1,dbh_wfdei,mean,0.17531712928983428
2,dbh_wfdei,mean,0.1046260290952899
3,dbh_wfdei,mean,0.0991643876507095
4,dbh_wfdei,mean,0.1589311016152546
5,dbh_wfdei,mean,0.38146048057881987
6,dbh_wfdei,mean,0.5319609663769859
7,dbh_wfdei,mean,0.5308162913325968
8,dbh_wfdei,mean,0.3750015162349516
9,dbh_wfdei,mean,0.2047402865556081
10,dbh_wfdei,mean,0.20258921058398466
11,dbh_wfdei,mean,0.16895707530527518
12,dbh_wfdei,mean,0.09808536381012892
1,dlem_gswp3,mean,0.02237277707613464
2,dlem_gswp3,mean,0.015635171363691493
3,dlem_gswp3,mean,0.011585750786248754
4,dlem_gswp3,mean,0.009044929105232897
5,dlem_gswp3,mean,0.01616832998447139
6,dlem_gswp3,mean,0.026516860253838485
7,dlem_gswp3,mean,0.06312643270846084
8,dlem_gswp3,mean,0.23186066523212404
9,dlem_gswp3,mean,0.2938703744103497
10,dlem_gswp3,mean,0.21287017844826844
11,dlem_gswp3,mean,0.11230551474799656
12,dlem_gswp3,mean,0.04592411631045417
1,dlem_princeton,mean,0.01995724129667343
2,dlem_princeton,mean,0.014280313664652822
3,dlem_princeton,mean,0.010434296979394976
4,dlem_princeton,mean,0.007578643517488976
5,dlem_princeton,mean,0.006253715048292113
6,dlem_princeton,mean,0.004934527393253953
7,dlem_princeton,mean,0.02113687880600599
8,dlem_princeton,mean,0.1586331963378594
9,dlem_princeton,mean,0.263543577967938
10,dlem_princeton,mean,0.15944623200901054
11,dlem_princeton,mean,0.09680063721313818
12,dlem_princeton,mean,0.03914770761665138
1,dlem_wfdei,mean,0.024519382525819436
2,dlem_wfdei,mean,0.01668442372147814
3,dlem_wfdei,mean,0.012320361923151365
4,dlem_wfdei,mean,0.00889886741754003
5,dlem_wfdei,mean,0.011651800405045237
6,dlem_wfdei,mean,0.016468618046030913
7,dlem_wfdei,mean,0.07638697742868132
8,dlem_wfdei,mean,0.27559827212910104
9,dlem_wfdei,mean,0.3650559833114007
10,dlem_wfdei,mean,0.25511995105709606
11,dlem_wfdei,mean,0.1314579345862141
12,dlem_wfdei,mean,0.0581513206811123
1,h08_gswp3,mean,0.014273688835409163
2,h08_gswp3,mean,0.005228413841370094
3,h08_gswp3,mean,0.0012154666446218523
4,h08_gswp3,mean,0.002830179492396175
5,h08_gswp3,mean,0.060959438588821135
6,h08_gswp3,mean,0.3673631468623567
7,h08_gswp3,mean,0.7896491507502316
8,h08_gswp3,mean,0.7994647824010878
9,h08_gswp3,mean,0.48248955520627795
10,h08_gswp3,mean,0.39774033452837093
11,h08_gswp3,mean,0.1229084277087866
12,h08_gswp3,mean,0.03901882542848104
1,h08_princeton,mean,0.0043101556524781075
2,h08_princeton,mean,0.0014512887789148096
3,h08_princeton,mean,7.456582525567841e-4
4,h08_princeton,mean,0.0014310690989073616
5,h08_princeton,mean,0.08538117762994185
6,h08_princeton,mean,0.19321484787255266
7,h08_princeton,mean,0.6308926978415135
8,h08_princeton,mean,0.7725862542363257
9,h08_princeton,mean,0.46333402468122675
10,h08_princeton,mean,0.2838286724680725
11,h08_princeton,mean,0.11041684988485542
12,h08_princeton,mean,0.020267134980576394
1,lpjml_gswp3,mean,0.013540146877106606
2,lpjml_gswp3,mean,0.010471131834279158
3,lpjml_gswp3,mean,0.011463496926505867
4,lpjml_gswp3,mean,0.04425773625115608
5,lpjml_gswp3,mean,0.1802736528213852
6,lpjml_gswp3,mean,0.32966515025083676
7,lpjml_gswp3,mean,0.4401998421942729
8,lpjml_gswp3,mean,0.6003167867921858
9,lpjml_gswp3,mean,0.4824112350900675
10,lpjml_gswp3,mean,0.3280946726417508
11,lpjml_gswp3,mean,0.14839204526643207
12,lpjml_gswp3,mean,0.040246032076931136
1,lpjml_princeton,mean,0.007502275959378228
2,lpjml_princeton,mean,0.006785773280335175
3,lpjml_princeton,mean,0.010078137349268584
4,lpjml_princeton,mean,0.029828377065105723
5,lpjml_princeton,mean,0.20623934403829683
6,lpjml_princeton,mean,0.2511488485990298
7,lpjml_princeton,mean,0.37898668271834457
8,lpjml_princeton,mean,0.524231497392752
9,lpjml_princeton,mean,0.42390673164581916
10,lpjml_princeton,mean,0.23635308339617808
11,lpjml_princeton,mean,0.12337908902735396
12,lpjml_princeton,mean,0.021532793803982653
1,lpjml_wfdei,mean,0.030486660716323614
2,lpjml_wfdei,mean,0.015211645340254033
3,lpjml_wfdei,mean,0.013444607629573908
4,lpjml_wfdei,mean,0.04257758532947228
5,lpjml_wfdei,mean,0.18582865942367896
6,lpjml_wfdei,mean,0.34842312999751884
7,lpjml_wfdei,mean,0.5336004153011318
8,lpjml_wfdei,mean,0.7980168399369882
9,lpjml_wfdei,mean,0.588632103602085
10,lpjml_wfdei,mean,0.40203318649148273
11,lpjml_wfdei,mean,0.19751397374937163
12,lpjml_wfdei,mean,0.06883951502868131
1,matsiro_gswp3,mean,0.10998204658543406
2,matsiro_gswp3,mean,0.08620078529045665
3,matsiro_gswp3,mean,0.07123995127071027
4,matsiro_gswp3,mean,0.06103853846050236
5,matsiro_gswp3,mean,0.05614787852030294
6,matsiro_gswp3,mean,0.05695965836494167
7,matsiro_gswp3,mean,0.09382906019244887
8,matsiro_gswp3,mean,0.22845564115281722
9,matsiro_gswp3,mean,0.29535987119441964
10,matsiro_gswp3,mean,0.2873402991696646
11,matsiro_gswp3,mean,0.20711536587377788
12,matsiro_gswp3,mean,0.14227122477076065
1,matsiro_princeton,mean,0.08852517526212368
2,matsiro_princeton,mean,0.07116065131752651
3,matsiro_princeton,mean,0.05823328311064614
4,matsiro_princeton,mean,0.049789705233332704
5,matsiro_princeton,mean,0.051154816863078705
6,matsiro_princeton,mean,0.04824504155473749
7,matsiro_princeton,mean,0.06347949630659358
8,matsiro_princeton,mean,0.17887265758908175
9,matsiro_princeton,mean,0.25500230604634205
10,matsiro_princeton,mean,0.22212098575728612
11,matsiro_princeton,mean,0.17568348548531346
12,matsiro_princeton,mean,0.1192664275695679
1,matsiro_wfdei,mean,0.12592709765519083
2,matsiro_wfdei,mean,0.0951726905697381
3,matsiro_wfdei,mean,0.0772637849080886
4,matsiro_wfdei,mean,0.06866246713181624
5,matsiro_wfdei,mean,0.06492764412018384
6,matsiro_wfdei,mean,0.08691697362594565
7,matsiro_wfdei,mean,0.24302234316416127
8,matsiro_wfdei,mean,0.5530078299032141
9,matsiro_wfdei,mean,0.5562051172321459
10,matsiro_wfdei,mean,0.43152174218582307
11,matsiro_wfdei,mean,0.27931361733761095
12,matsiro_wfdei,mean,0.16842065957870947
1,pcr-globwb_gswp3,mean,0.1151388814380926
2,pcr-globwb_gswp3,mean,0.07541340572599861
3,pcr-globwb_gswp3,mean,0.04559583555082776
4,pcr-globwb_gswp3,mean,0.028157934980663716
5,pcr-globwb_gswp3,mean,0.020261929568309453
6,pcr-globwb_gswp3,mean,0.021121394493158533
7,pcr-globwb_gswp3,mean,0.04924640859837157
8,pcr-globwb_gswp3,mean,0.12332338955894517
9,pcr-globwb_gswp3,mean,0.14686134412738483
10,pcr-globwb_gswp3,mean,0.18332803631001454
11,pcr-globwb_gswp3,mean,0.1831005741195006
12,pcr-globwb_gswp3,mean,0.15659814505710018
1,pcr-globwb_wfdei,mean,0.11222681414735924
2,pcr-globwb_wfdei,mean,0.07286896808923764
3,pcr-globwb_wfdei,mean,0.0432810947444528
4,pcr-globwb_wfdei,mean,0.02634887966185854
5,pcr-globwb_wfdei,mean,0.019193616359558505
6,pcr-globwb_wfdei,mean,0.01975584095964873
7,pcr-globwb_wfdei,mean,0.04196034609565063
8,pcr-globwb_wfdei,mean,0.11993278006585878
9,pcr-globwb_wfdei,mean,0.14862781636366484
10,pcr-globwb_wfdei,mean,0.19042323963428986
11,pcr-globwb_wfdei,mean,0.1790863054328435
12,pcr-globwb_wfdei,mean,0.15287726104190247
1,vegas_gswp3,mean,0.007598816718630046
2,vegas_gswp3,mean,0.0038799158684742464
3,vegas_gswp3,mean,0.0032430967570355467
4,vegas_gswp3,mean,0.007975582742681403
5,vegas_gswp3,mean,0.05011414551389927
6,vegas_gswp3,mean,0.22080832913626489
7,vegas_gswp3,mean,0.5326446993652109
8,vegas_gswp3,mean,0.6359479921253599
9,vegas_gswp3,mean,0.4103903532247158
10,vegas_gswp3,mean,0.24478486200650623
11,vegas_gswp3,mean,0.10155179144914427
12,vegas_gswp3,mean,0.02733391063810957
1,vegas_wfdei,mean,0.0076970584675705835
2,vegas_wfdei,mean,0.003965002468005866
3,vegas_wfdei,mean,0.0027367661582553744
4,vegas_wfdei,mean,0.0034386310979133243
5,vegas_wfdei,mean,0.031669674162070865
6,vegas_wfdei,mean,0.21483542803374817
7,vegas_wfdei,mean,0.5801091120863355
8,vegas_wfdei,mean,0.6740749350924393
9,vegas_wfdei,mean,0.43411731752821187
10,vegas_wfdei,mean,0.2561941104621387
11,vegas_wfdei,mean,0.10156676985003579
12,vegas_wfdei,mean,0.02670934206072394
1,vic_princeton,mean,0.07295085309704663
2,vic_princeton,mean,0.04732740116422433
3,vic_princeton,mean,0.04550036678082513
4,vic_princeton,mean,0.05203251710238085
5,vic_princeton,mean,0.15541153646940578
6,vic_princeton,mean,0.2924847384834188
7,vic_princeton,mean,0.39371074870166345
8,vic_princeton,mean,0.5753807062138073
9,vic_princeton,mean,0.5244572183944498
10,vic_princeton,mean,0.4092517042828329
11,vic_princeton,mean,0.28483023741369945
12,vic_princeton,mean,0.1633855251264129
1,watergap2_princeton,mean,0.02649204739038247
2,watergap2_princeton,mean,0.018597244802772174
3,watergap2_princeton,mean,0.01300771400972236
4,watergap2_princeton,mean,0.015129386194422606
5,watergap2_princeton,mean,0.11774181466890596
6,watergap2_princeton,mean,0.16764605214491632
7,watergap2_princeton,mean,0.3203566969080172
8,watergap2_princeton,mean,0.4558474340402854
9,watergap2_princeton,mean,0.3572141934577811
10,watergap2_princeton,mean,0.23535963781678299
11,watergap2_princeton,mean,0.11702842068017756
12,watergap2_princeton,mean,0.0398200853269645
1,watergap2_wfdei,mean,0.03513912062306488
2,watergap2_wfdei,mean,0.027066022281145387
3,watergap2_wfdei,mean,0.018417943626818388
4,watergap2_wfdei,mean,0.020853042169962525
5,watergap2_wfdei,mean,0.07830885341181297
6,watergap2_wfdei,mean,0.1983108445236716
7,watergap2_wfdei,mean,0.379745762106107
8,watergap2_wfdei,mean,0.504048944645025
9,watergap2_wfdei,mean,0.3774788165094295
10,watergap2_wfdei,mean,0.3157074139590601
11,watergap2_wfdei,mean,0.13451054115718764
12,watergap2_wfdei,mean,0.05523960926524463
1,LORA,mean,0.0935657854335908
2,LORA,mean,0.06265641121983083
3,LORA,mean,0.04555957250649676
4,LORA,mean,0.037241490992566524
5,LORA,mean,0.054429720719479116
6,LORA,mean,0.15447056945663334
7,LORA,mean,0.32163595101925757
8,LORA,mean,0.45670741398370407
9,LORA,mean,0.41102498510395846
10,LORA,mean,0.3219282205555737
11,LORA,mean,0.2388771269481443
12,LORA,mean,0.14939242003314446
1,caraib_gswp3,median,0.008863831637294609
2,caraib_gswp3,median,0.0019507102219874783
3,caraib_gswp3,median,4.822280003578335e-4
4,caraib_gswp3,median,4.481962458629792e-4
5,caraib_gswp3,median,0.006010945629457207
6,caraib_gswp3,median,0.1613728884409783
7,caraib_gswp3,median,0.616575654074815
8,caraib_gswp3,median,0.8305532446906
9,caraib_gswp3,median,0.5247121221480402
10,caraib_gswp3,median,0.36956725928809053
11,caraib_gswp3,median,0.147559994023314
12,caraib_gswp3,median,0.03745274688113454
1,caraib_princeton,median,0.005411719267825289
2,caraib_princeton,median,0.001188220517731997
3,caraib_princeton,median,3.6832165851200644e-4
4,caraib_princeton,median,2.921394195056265e-4
5,caraib_princeton,median,0.00812091547269634
6,caraib_princeton,median,0.0935095314540038
7,caraib_princeton,median,0.4373194148219761
8,caraib_princeton,median,0.7807289561879425
9,caraib_princeton,median,0.5589663414572241
10,caraib_princeton,median,0.3363807164810878
11,caraib_princeton,median,0.13824017707514247
12,caraib_princeton,median,0.028366484167815162
1,caraib_wfdei,median,0.011452915054561159
2,caraib_wfdei,median,0.002684506398669741
3,caraib_wfdei,median,9.159663179949833e-4
4,caraib_wfdei,median,8.347793863291732e-4
5,caraib_wfdei,median,0.016989195325341558
6,caraib_wfdei,median,0.2932515646496142
7,caraib_wfdei,median,0.7742784543281115
8,caraib_wfdei,median,0.9586728317182297
9,caraib_wfdei,median,0.6114597583245142
10,caraib_wfdei,median,0.3655190610035779
11,caraib_wfdei,median,0.16835719186558776
12,caraib_wfdei,median,0.051336817985310354
1,dbh_gswp3,median,0.16286932311439198
2,dbh_gswp3,median,0.0952462929175413
3,dbh_gswp3,median,0.08172927884842965
4,dbh_gswp3,median,0.16915661805318216
5,dbh_gswp3,median,0.3637658221449743
6,dbh_gswp3,median,0.4986164774661076
7,dbh_gswp3,median,0.4966165283990626
8,dbh_gswp3,median,0.23074842377018911
9,dbh_gswp3,median,0.13059377481119433
10,dbh_gswp3,median,0.1038727752520123
11,dbh_gswp3,median,0.09622189725797942
12,dbh_gswp3,median,0.07598906067852174
1,dbh_princeton,median,0.14136175772776732
2,dbh_princeton,median,0.07727384939657589
3,dbh_princeton,median,0.07684568606769088
4,dbh_princeton,median,0.12342881226275464
5,dbh_princeton,median,0.3515200045152579
6,dbh_princeton,median,0.3050637500694814
7,dbh_princeton,median,0.33300701176852565
8,dbh_princeton,median,0.22056389472146584
9,dbh_princeton,median,0.13633787124838878
10,dbh_princeton,median,0.11339775253964188
11,dbh_princeton,median,0.09705218711591225
12,dbh_princeton,median,0.06815133667615628
1,dbh_wfdei,median,0.1676728873255828
2,dbh_wfdei,median,0.09756936454037601
3,dbh_wfdei,median,0.08329352030853693
4,dbh_wfdei,median,0.15302566755564695
5,dbh_wfdei,median,0.3159928540282032
6,dbh_wfdei,median,0.49127655265402753
7,dbh_wfdei,median,0.5296063487184064
8,dbh_wfdei,median,0.2898268030723149
9,dbh_wfdei,median,0.16727519721985668
10,dbh_wfdei,median,0.1587879708854812
11,dbh_wfdei,median,0.10849552311232075
12,dbh_wfdei,median,0.08409690075649306
1,dlem_gswp3,median,0.020931416680685815
2,dlem_gswp3,median,0.014741937276831558
3,dlem_gswp3,median,0.011376845331163978
4,dlem_gswp3,median,0.00758764716966975
5,dlem_gswp3,median,0.006062774053197172
6,dlem_gswp3,median,0.005486760464256275
7,dlem_gswp3,median,0.010298971016868481
8,dlem_gswp3,median,0.1208101380591594
9,dlem_gswp3,median,0.2578910853196495
10,dlem_gswp3,median,0.18448002420632997
11,dlem_gswp3,median,0.10740755907950943
12,dlem_gswp3,median,0.03223726482622283
1,dlem_princeton,median,0.01857128009053051
2,dlem_princeton,median,0.013882050736555598
3,dlem_princeton,median,0.010791652466606155
4,dlem_princeton,median,0.006653919927017293
5,dlem_princeton,median,0.005462520966159033
6,dlem_princeton,median,0.004595272924278535
7,dlem_princeton,median,0.005929384259928902
8,dlem_princeton,median,0.03796010809664195
9,dlem_princeton,median,0.14328937186901652
10,dlem_princeton,median,0.15116918293279358
11,dlem_princeton,median,0.07659233301629584
12,dlem_princeton,median,0.029313449600702885
1,dlem_wfdei,median,0.023285098445237355
2,dlem_wfdei,median,0.0161568202436295
3,dlem_wfdei,median,0.012297663250165264
4,dlem_wfdei,median,0.009083834210476267
5,dlem_wfdei,median,0.006581272512455398
6,dlem_wfdei,median,0.0058780368527016295
7,dlem_wfdei,median,0.010563599213241338
8,dlem_wfdei,median,0.15466098088423097
9,dlem_wfdei,median,0.3204663724524076
10,dlem_wfdei,median,0.1957385398029278
11,dlem_wfdei,median,0.12206708448672741
12,dlem_wfdei,median,0.05027498770901841
1,h08_gswp3,median,0.012632540493441903
2,h08_gswp3,median,0.0029099787535955823
3,h08_gswp3,median,8.563088878375809e-4
4,h08_gswp3,median,0.0021133845363890797
5,h08_gswp3,median,0.012447677511304635
6,h08_gswp3,median,0.34446489126725865
7,h08_gswp3,median,0.7755872542374809
8,h08_gswp3,median,0.8369270616761922
9,h08_gswp3,median,0.4718142334481743
10,h08_gswp3,median,0.33883833253335505
11,h08_gswp3,median,0.0662044019506478
12,h08_gswp3,median,0.039288425124085785
1,h08_princeton,median,0.0038943511226423437
2,h08_princeton,median,8.504980380349423e-4
3,h08_princeton,median,3.3201468731375967e-4
4,h08_princeton,median,0.0012777582121500444
5,h08_princeton,median,0.0222583926923973
6,h08_princeton,median,0.13310604298679138
7,h08_princeton,median,0.6458292984355536
8,h08_princeton,median,0.7055913009604582
9,h08_princeton,median,0.4598463618012611
10,h08_princeton,median,0.2528776177529272
11,h08_princeton,median,0.05122278644528257
12,h08_princeton,median,0.01952650649478365
1,lpjml_gswp3,median,0.008192569081266057
2,lpjml_gswp3,median,0.005623396013482513
3,lpjml_gswp3,median,0.004867571016567609
4,lpjml_gswp3,median,0.039710218136907574
5,lpjml_gswp3,median,0.16643524313911795
6,lpjml_gswp3,median,0.3019409063595376
7,lpjml_gswp3,median,0.4028694583146599
8,lpjml_gswp3,median,0.557379543156034
9,lpjml_gswp3,median,0.4266404695850396
10,lpjml_gswp3,median,0.3004419455714859
11,lpjml_gswp3,median,0.11273169157858884
12,lpjml_gswp3,median,0.031098519076015647
1,lpjml_princeton,median,0.004631811508530762
2,lpjml_princeton,median,0.004351952105258367
3,lpjml_princeton,median,0.0041414005156931435
4,lpjml_princeton,median,0.02521930695109914
5,lpjml_princeton,median,0.19526053811895983
6,lpjml_princeton,median,0.2497165364238988
7,lpjml_princeton,median,0.36038658304017623
8,lpjml_princeton,median,0.4148050460068635
9,lpjml_princeton,median,0.40142248727185487
10,lpjml_princeton,median,0.24008359131955295
11,lpjml_princeton,median,0.09981754367736656
12,lpjml_princeton,median,0.00917693391651657
1,lpjml_wfdei,median,0.02195949882534496
2,lpjml_wfdei,median,0.01011559022725415
3,lpjml_wfdei,median,0.006034675613638551
4,lpjml_wfdei,median,0.03487183599501657
5,lpjml_wfdei,median,0.1657942913382944
6,lpjml_wfdei,median,0.321696831362589
7,lpjml_wfdei,median,0.47926834702733434
8,lpjml_wfdei,median,0.7697965190157148
9,lpjml_wfdei,median,0.5785559516845038
10,lpjml_wfdei,median,0.39051503871911686
11,lpjml_wfdei,median,0.13891531003710494
12,lpjml_wfdei,median,0.0621764256854935
1,matsiro_gswp3,median,0.10734574788440476
2,matsiro_gswp3,median,0.08556135282704712
3,matsiro_gswp3,median,0.07325617936469048
4,matsiro_gswp3,median,0.06182693615305701
5,matsiro_gswp3,median,0.056470745058042754
6,matsiro_gswp3,median,0.0536565930809515
7,matsiro_gswp3,median,0.07253281962492969
8,matsiro_gswp3,median,0.18336537874276754
9,matsiro_gswp3,median,0.2457375285241388
10,matsiro_gswp3,median,0.2461664753678337
11,matsiro_gswp3,median,0.18579401260842054
12,matsiro_gswp3,median,0.14552696962539693
1,matsiro_princeton,median,0.08580395940942723
2,matsiro_princeton,median,0.0708013986402638
3,matsiro_princeton,median,0.05777148184008738
4,matsiro_princeton,median,0.049104104749350314
5,matsiro_princeton,median,0.05047780274494844
6,matsiro_princeton,median,0.04761725044431476
7,matsiro_princeton,median,0.050005031480915584
8,matsiro_princeton,median,0.09954537840918093
9,matsiro_princeton,median,0.1899475634996818
10,matsiro_princeton,median,0.20875583913216858
11,matsiro_princeton,median,0.16439704073028316
12,matsiro_princeton,median,0.11783133005169666
1,matsiro_wfdei,median,0.1289809187465601
2,matsiro_wfdei,median,0.09584953118945409
3,matsiro_wfdei,median,0.07904489159838538
4,matsiro_wfdei,median,0.0716307084495715
5,matsiro_wfdei,median,0.06548359190958282
6,matsiro_wfdei,median,0.07251327106144483
7,matsiro_wfdei,median,0.17871857514347908
8,matsiro_wfdei,median,0.4733114332932418
9,matsiro_wfdei,median,0.5398331299169461
10,matsiro_wfdei,median,0.3835709068063335
11,matsiro_wfdei,median,0.24756545023251697
12,matsiro_wfdei,median,0.16863925719715758
1,pcr-globwb_gswp3,median,0.11198489976715492
2,pcr-globwb_gswp3,median,0.07199815069091346
3,pcr-globwb_gswp3,median,0.03593581373079589
4,pcr-globwb_gswp3,median,0.01869383595723608
5,pcr-globwb_gswp3,median,0.018230019428936293
6,pcr-globwb_gswp3,median,0.018708249747242583
7,pcr-globwb_gswp3,median,0.029244005032215976
8,pcr-globwb_gswp3,median,0.09570881821867525
9,pcr-globwb_gswp3,median,0.1463157515415603
10,pcr-globwb_gswp3,median,0.17556936445688848
11,pcr-globwb_gswp3,median,0.17822488219970584
12,pcr-globwb_gswp3,median,0.14836131741733777
1,pcr-globwb_wfdei,median,0.10813964492066494
2,pcr-globwb_wfdei,median,0.07012701774770079
3,pcr-globwb_wfdei,median,0.0360403526875497
4,pcr-globwb_wfdei,median,0.01826248157430499
5,pcr-globwb_wfdei,median,0.017978435181878017
6,pcr-globwb_wfdei,median,0.018320340474386076
7,pcr-globwb_wfdei,median,0.0261081874700183
8,pcr-globwb_wfdei,median,0.08434854265347047
9,pcr-globwb_wfdei,median,0.14332099547010707
10,pcr-globwb_wfdei,median,0.16987213216304037
11,pcr-globwb_wfdei,median,0.17694639566599232
12,pcr-globwb_wfdei,median,0.14594819662083094
1,vegas_gswp3,median,0.0049715290169373505
2,vegas_gswp3,median,0.002653803564205316
3,vegas_gswp3,median,0.002227309012194697
4,vegas_gswp3,median,0.006865198777106032
5,vegas_gswp3,median,0.041014347028547025
6,vegas_gswp3,median,0.16315532416905998
7,vegas_gswp3,median,0.5124435903880742
8,vegas_gswp3,median,0.6173598493789414
9,vegas_gswp3,median,0.3792373091692583
10,vegas_gswp3,median,0.21749323191380682
11,vegas_gswp3,median,0.08195007810855426
12,vegas_gswp3,median,0.015193112949098076
1,vegas_wfdei,median,0.005103110652034752
2,vegas_wfdei,median,0.0028071121921220852
3,vegas_wfdei,median,0.0019861226210141554
4,vegas_wfdei,median,0.0028319805581506546
5,vegas_wfdei,median,0.01648101360202226
6,vegas_wfdei,median,0.15376051955250436
7,vegas_wfdei,median,0.5595886715344478
8,vegas_wfdei,median,0.6509661638179046
9,vegas_wfdei,median,0.4064357877508654
10,vegas_wfdei,median,0.2241463768808158
11,vegas_wfdei,median,0.08034477192391433
12,vegas_wfdei,median,0.014608209556527679
1,vic_princeton,median,0.07073608914324861
2,vic_princeton,median,0.041604967893579675
3,vic_princeton,median,0.04162861353199866
4,vic_princeton,median,0.04754719531077531
5,vic_princeton,median,0.1492700688151987
6,vic_princeton,median,0.2860660996935732
7,vic_princeton,median,0.3941074252976226
8,vic_princeton,median,0.5279822351968377
9,vic_princeton,median,0.4621783744024618
10,vic_princeton,median,0.38912024609402096
11,vic_princeton,median,0.2643213153715557
12,vic_princeton,median,0.14536384655878398
1,watergap2_princeton,median,0.02245381019552333
2,watergap2_princeton,median,0.017751436004875366
3,watergap2_princeton,median,0.01160056632412915
4,watergap2_princeton,median,0.014424491927850117
5,watergap2_princeton,median,0.09734153205999692
6,watergap2_princeton,median,0.16495061621732127
7,watergap2_princeton,median,0.3107177501648881
8,watergap2_princeton,median,0.43259736235552515
9,watergap2_princeton,median,0.33374673360351426
10,watergap2_princeton,median,0.21747793647795804
11,watergap2_princeton,median,0.10510855367745822
12,watergap2_princeton,median,0.033103635672174836
1,watergap2_wfdei,median,0.0322371691797661
2,watergap2_wfdei,median,0.02463353398423013
3,watergap2_wfdei,median,0.01666998968848868
4,watergap2_wfdei,median,0.01834470411634325
5,watergap2_wfdei,median,0.05568585451142029
6,watergap2_wfdei,median,0.1885369119059251
7,watergap2_wfdei,median,0.3526841031276254
8,watergap2_wfdei,median,0.49719105701125155
9,watergap2_wfdei,median,0.3532180986057682
10,watergap2_wfdei,median,0.2788061405602202
11,watergap2_wfdei,median,0.09773477788104873
12,watergap2_wfdei,median,0.04863238690656692
1,LORA,median,0.1025676439738599
2,LORA,median,0.06711669619808402
3,LORA,median,0.04569690543377693
4,LORA,median,0.03692858595510415
5,LORA,median,0.05045029325172268
6,LORA,median,0.13841823147080862
7,LORA,median,0.3064706806230038
8,LORA,median,0.4593960635238833
9,LORA,median,0.40953383089263845
10,LORA,median,0.3071471971830253
11,LORA,median,0.2321151566073767
12,LORA,median,0.1577035444613434
1,caraib_gswp3,max,0.0855465367978322
2,caraib_gswp3,max,0.01043641071695523
3,caraib_gswp3,max,0.0026602615777816716
4,caraib_gswp3,max,0.042884485574710265
5,caraib_gswp3,max,0.16255177687805206
6,caraib_gswp3,max,0.8367813226806461
7,caraib_gswp3,max,1.1601942663539226
8,caraib_gswp3,max,1.669558764141881
9,caraib_gswp3,max,0.9373195951651007
10,caraib_gswp3,max,1.0685532002241465
11,caraib_gswp3,max,0.5253793937573947
12,caraib_gswp3,max,0.3026825987735799
1,caraib_princeton,max,0.05649719326866645
2,caraib_princeton,max,0.006975401097893791
3,caraib_princeton,max,0.0013728373412657327
4,caraib_princeton,max,0.029356297903091993
5,caraib_princeton,max,0.1695360750617598
6,caraib_princeton,max,0.9644560619687059
7,caraib_princeton,max,1.1010280076114445
8,caraib_princeton,max,2.5290279085215794
9,caraib_princeton,max,1.2794168147357292
10,caraib_princeton,max,0.7633794331453692
11,caraib_princeton,max,0.5298279969347339
12,caraib_princeton,max,0.2508564325520376
1,caraib_wfdei,max,0.08318878612819336
2,caraib_wfdei,max,0.01746074676949476
3,caraib_wfdei,max,0.004024646327212168
4,caraib_wfdei,max,0.013261269856298379
5,caraib_wfdei,max,0.2977446630827139
6,caraib_wfdei,max,0.9880336630013256
7,caraib_wfdei,max,1.473375628162667
8,caraib_wfdei,max,1.7420710420524466
9,caraib_wfdei,max,1.034743933472567
10,caraib_wfdei,max,1.2789718831417318
11,caraib_wfdei,max,0.5760934196664057
12,caraib_wfdei,max,0.3010811049839149
1,dbh_gswp3,max,0.28349018600726295
2,dbh_gswp3,max,0.24754801899333448
3,dbh_gswp3,max,0.2764626189388016
4,dbh_gswp3,max,0.39534071429474266
5,dbh_gswp3,max,0.935705565138477
6,dbh_gswp3,max,1.1039755746036437
7,dbh_gswp3,max,1.1910716468913047
8,dbh_gswp3,max,1.180006384305415
9,dbh_gswp3,max,0.5509140732808376
10,dbh_gswp3,max,0.7742903197296476
11,dbh_gswp3,max,0.3512875600413489
12,dbh_gswp3,max,0.2858327642663686
1,dbh_princeton,max,0.20888666252136676
2,dbh_princeton,max,0.18656331409282162
3,dbh_princeton,max,0.23614484402694866
4,dbh_princeton,max,0.3288544461667911
5,dbh_princeton,max,0.8858104196443141
6,dbh_princeton,max,0.8167102622560546
7,dbh_princeton,max,0.8976092407647479
8,dbh_princeton,max,2.5402137537746703
9,dbh_princeton,max,0.8885428161747345
10,dbh_princeton,max,0.4767632798507261
11,dbh_princeton,max,0.7882909065612753
12,dbh_princeton,max,0.2530617411128066
1,dbh_wfdei,max,0.36759190053200286
2,dbh_wfdei,max,0.22618014984255141
3,dbh_wfdei,max,0.2789199939095889
4,dbh_wfdei,max,0.33398325549897584
5,dbh_wfdei,max,0.8374381544137375
6,dbh_wfdei,max,1.0902785408007138
7,dbh_wfdei,max,1.201580535348628
8,dbh_wfdei,max,1.049936846413326
9,dbh_wfdei,max,0.5119139658840959
10,dbh_wfdei,max,0.5942139422455436
11,dbh_wfdei,max,0.5883267325045739
12,dbh_wfdei,max,0.3024801951484363
1,dlem_gswp3,max,0.03798592477860614
2,dlem_gswp3,max,0.025067725660339938
3,dlem_gswp3,max,0.017086782225939155
4,dlem_gswp3,max,0.047357768158336463
5,dlem_gswp3,max,0.14051091305321584
6,dlem_gswp3,max,0.2571352215073061
7,dlem_gswp3,max,0.44530193707802557
8,dlem_gswp3,max,1.5783479550812345
9,dlem_gswp3,max,0.8543605649282244
10,dlem_gswp3,max,0.8216242155805649
11,dlem_gswp3,max,0.27416018598701336
12,dlem_gswp3,max,0.1554720838008989
1,dlem_princeton,max,0.03087324808636129
2,dlem_princeton,max,0.02078496426739052
3,dlem_princeton,max,0.014888005138961786
4,dlem_princeton,max,0.022573973590585248
5,dlem_princeton,max,0.023007561252769686
6,dlem_princeton,max,0.014112624208543948
7,dlem_princeton,max,0.2166807009872904
8,dlem_princeton,max,1.312080713857755
9,dlem_princeton,max,1.3086322843682043
10,dlem_princeton,max,0.5312307138032586
11,dlem_princeton,max,0.35791996311872215
12,dlem_princeton,max,0.10812736024698973
1,dlem_wfdei,max,0.046781038367417344
2,dlem_wfdei,max,0.025124890796053383
3,dlem_wfdei,max,0.017641853990423624
4,dlem_wfdei,max,0.014815143502541329
5,dlem_wfdei,max,0.06838155638727728
6,dlem_wfdei,max,0.10271446259516417
7,dlem_wfdei,max,0.6510103490762683
8,dlem_wfdei,max,1.5103537537414549
9,dlem_wfdei,max,0.809559492069523
10,dlem_wfdei,max,1.2587292565578265
11,dlem_wfdei,max,0.2826037189235944
12,dlem_wfdei,max,0.1725932817183298
1,h08_gswp3,max,0.051225260150903174
2,h08_gswp3,max,0.01991891180621913
3,h08_gswp3,max,0.0034881581451799443
4,h08_gswp3,max,0.01031636327684428
5,h08_gswp3,max,0.4635161250530351
6,h08_gswp3,max,0.9001392127064178
7,h08_gswp3,max,1.2753856808272777
8,h08_gswp3,max,1.4651964672733861
9,h08_gswp3,max,0.9367929055039815
10,h08_gswp3,max,1.1452327916339387
11,h08_gswp3,max,0.3691731015501362
12,h08_gswp3,max,0.10300682105774851
1,h08_princeton,max,0.014348134609970033
2,h08_princeton,max,0.005465875962162614
3,h08_princeton,max,0.002779174526444399
4,h08_princeton,max,0.0035160741358467923
5,h08_princeton,max,0.4770259957730771
6,h08_princeton,max,0.5511546097070311
7,h08_princeton,max,1.0495789557154027
8,h08_princeton,max,2.6863928173579867
9,h08_princeton,max,1.0466396064571297
10,h08_princeton,max,0.7006774524539827
11,h08_princeton,max,0.5157879565948185
12,h08_princeton,max,0.05142748558538761
1,lpjml_gswp3,max,0.03485086190625882
2,lpjml_gswp3,max,0.05484935418492726
3,lpjml_gswp3,max,0.0850078716762403
4,lpjml_gswp3,max,0.11723668685863513
5,lpjml_gswp3,max,0.4300270145068613
6,lpjml_gswp3,max,0.565373301905411
7,lpjml_gswp3,max,0.9055908406220914
8,lpjml_gswp3,max,1.5491003692029055
9,lpjml_gswp3,max,0.820486646412798
10,lpjml_gswp3,max,0.8713606246428701
11,lpjml_gswp3,max,0.39660775469905923
12,lpjml_gswp3,max,0.16588492749296121
1,lpjml_princeton,max,0.04943488950348185
2,lpjml_princeton,max,0.027855654785582256
3,lpjml_princeton,max,0.04495727793501961
4,lpjml_princeton,max,0.08029863321454024
5,lpjml_princeton,max,0.4397377345930075
6,lpjml_princeton,max,0.5922323363345835
7,lpjml_princeton,max,0.6410442503302052
8,lpjml_princeton,max,1.9190978017056977
9,lpjml_princeton,max,1.0925587104019165
10,lpjml_princeton,max,0.5465589677905145
11,lpjml_princeton,max,0.3416717212402777
12,lpjml_princeton,max,0.10797828803793788
1,lpjml_wfdei,max,0.09403088587715319
2,lpjml_wfdei,max,0.051896630145417365
3,lpjml_wfdei,max,0.08937940739351391
4,lpjml_wfdei,max,0.11720381592293082
5,lpjml_wfdei,max,0.41779122796307244
6,lpjml_wfdei,max,0.5808563511664173
7,lpjml_wfdei,max,1.4281581342154255
8,lpjml_wfdei,max,1.7177307849988301
9,lpjml_wfdei,max,0.9659287134300301
10,lpjml_wfdei,max,1.1464937945194522
11,lpjml_wfdei,max,0.5094524610827386
12,lpjml_wfdei,max,0.22430514387295392
1,matsiro_gswp3,max,0.16130307962982054
2,matsiro_gswp3,max,0.12046203212478192
3,matsiro_gswp3,max,0.08780075869452732
4,matsiro_gswp3,max,0.07637020001655745
5,matsiro_gswp3,max,0.0773840839032941
6,matsiro_gswp3,max,0.0902730545125643
7,matsiro_gswp3,max,0.35881942763870234
8,matsiro_gswp3,max,1.269823029649174
9,matsiro_gswp3,max,0.7419533690216809
10,matsiro_gswp3,max,0.7261187181448374
11,matsiro_gswp3,max,0.41517413127090047
12,matsiro_gswp3,max,0.21925983258726808
1,matsiro_princeton,max,0.1472853340859008
2,matsiro_princeton,max,0.10205452824824354
3,matsiro_princeton,max,0.08231546322608514
4,matsiro_princeton,max,0.06589823371198233
5,matsiro_princeton,max,0.06826258791781174
6,matsiro_princeton,max,0.07558020745209248
7,matsiro_princeton,max,0.16529238066059512
8,matsiro_princeton,max,1.1383733317296438
9,matsiro_princeton,max,0.790310288891967
10,matsiro_princeton,max,0.40766228391818843
11,matsiro_princeton,max,0.4166504723270485
12,matsiro_princeton,max,0.21485477082157287
1,matsiro_wfdei,max,0.17569223739814924
2,matsiro_wfdei,max,0.1361238485440908
3,matsiro_wfdei,max,0.09620740092377054
4,matsiro_wfdei,max,0.09039063938397084
5,matsiro_wfdei,max,0.0964994868594645
6,matsiro_wfdei,max,0.22307321751028583
7,matsiro_wfdei,max,1.0112662030634778
8,matsiro_wfdei,max,1.7120716173743094
9,matsiro_wfdei,max,0.9431273528357135
10,matsiro_wfdei,max,1.136618426264287
11,matsiro_wfdei,max,0.5526849949419073
12,matsiro_wfdei,max,0.252846088488068
1,pcr-globwb_gswp3,max,0.18114809996242762
2,pcr-globwb_gswp3,max,0.12825228665965027
3,pcr-globwb_gswp3,max,0.0866003406331115
4,pcr-globwb_gswp3,max,0.06078181387150762
5,pcr-globwb_gswp3,max,0.04011456942874341
6,pcr-globwb_gswp3,max,0.05144343889027981
7,pcr-globwb_gswp3,max,0.22578815135611335
8,pcr-globwb_gswp3,max,0.4235585677994775
9,pcr-globwb_gswp3,max,0.24359134781678426
10,pcr-globwb_gswp3,max,0.3327782883348509
11,pcr-globwb_gswp3,max,0.28173982964461564
12,pcr-globwb_gswp3,max,0.24189440672465642
1,pcr-globwb_wfdei,max,0.182429856818826
2,pcr-globwb_wfdei,max,0.12865296407936735
3,pcr-globwb_wfdei,max,0.08667862922328225
4,pcr-globwb_wfdei,max,0.06137860583428198
5,pcr-globwb_wfdei,max,0.040552197826168285
6,pcr-globwb_wfdei,max,0.04244884085859344
7,pcr-globwb_wfdei,max,0.2222497879927288
8,pcr-globwb_wfdei,max,0.3994621594219535
9,pcr-globwb_wfdei,max,0.27650542662420224
10,pcr-globwb_wfdei,max,0.5754224584622272
11,pcr-globwb_wfdei,max,0.27930725462085526
12,pcr-globwb_wfdei,max,0.23678551281907828
1,vegas_gswp3,max,0.05502727611389035
2,vegas_gswp3,max,0.017849127785622122
3,vegas_gswp3,max,0.01144297945203999
4,vegas_gswp3,max,0.0338172688243401
5,vegas_gswp3,max,0.18730003269700657
6,vegas_gswp3,max,0.7712273527708017
7,vegas_gswp3,max,1.1281513281526574
8,vegas_gswp3,max,1.2658849434710902
9,vegas_gswp3,max,0.7357032480629084
10,vegas_gswp3,max,0.7214469200096638
11,vegas_gswp3,max,0.31373987229967404
12,vegas_gswp3,max,0.19469982245845027
1,vegas_wfdei,max,0.05308706503439388
2,vegas_wfdei,max,0.01778383711314956
3,vegas_wfdei,max,0.01085380904926713
4,vegas_wfdei,max,0.0184809573582868
5,vegas_wfdei,max,0.155340789165345
6,vegas_wfdei,max,0.7984816448595639
7,vegas_wfdei,max,1.1767501046905169
8,vegas_wfdei,max,1.321854028789691
9,vegas_wfdei,max,0.7521862011246746
10,vegas_wfdei,max,0.7304931605283296
11,vegas_wfdei,max,0.3254500231393297
12,vegas_wfdei,max,0.1950180866595069
1,vic_princeton,max,0.15747176034105345
2,vic_princeton,max,0.10150315393993561
3,vic_princeton,max,0.09795586007998854
4,vic_princeton,max,0.09938927815089764
5,vic_princeton,max,0.29456253429230334
6,vic_princeton,max,0.5525465932087951
7,vic_princeton,max,0.5728840172233477
8,vic_princeton,max,1.4061461792045793
9,vic_princeton,max,1.226876816733787
10,vic_princeton,max,0.7126931211247516
11,vic_princeton,max,0.4601365819759361
12,vic_princeton,max,0.535825517175497
1,watergap2_princeton,max,0.06859028053991753
2,watergap2_princeton,max,0.035881925468894495
3,watergap2_princeton,max,0.03425434771127661
4,watergap2_princeton,max,0.02938962217679669
5,watergap2_princeton,max,0.2942745152963585
6,watergap2_princeton,max,0.2938794770869122
7,watergap2_princeton,max,0.5470867056319815
8,watergap2_princeton,max,1.5651782817748465
9,watergap2_princeton,max,0.7714735656448432
10,watergap2_princeton,max,0.47897569507425264
11,watergap2_princeton,max,0.39180583089011245
12,watergap2_princeton,max,0.09129965282691872
1,watergap2_wfdei,max,0.06995774186244674
2,watergap2_wfdei,max,0.04999135796827965
3,watergap2_wfdei,max,0.03644025707426036
4,watergap2_wfdei,max,0.05946256884497324
5,watergap2_wfdei,max,0.21344532463521596
6,watergap2_wfdei,max,0.4855710135309238
7,watergap2_wfdei,max,0.6647777786713506
8,watergap2_wfdei,max,1.0359137027406158
9,watergap2_wfdei,max,0.6881828492187364
10,watergap2_wfdei,max,0.8222569810928728
11,watergap2_wfdei,max,0.2998466629884123
12,watergap2_wfdei,max,0.1357346067719673
1,LORA,max,0.14003727179949435
2,LORA,max,0.1046260815043073
3,LORA,max,0.08327620436919268
4,LORA,max,0.06723097406049353
5,LORA,max,0.12672451139383997
6,LORA,max,0.3900126039512437
7,LORA,max,0.5618112915933821
8,LORA,max,0.7348197051384239
9,LORA,max,0.6664028355552322
10,LORA,max,0.5178409226238507
11,LORA,max,0.4157150342575348
12,LORA,max,0.2301802785763178
